{"29919589": 1775541577.8573372, "9243820": 1775637266.75986}